{"cameraMode":{"drawMode":0,"name":"Shaded","section":"Shading Mode"},"sceneLighting":false,"audioPlay":false,"sceneViewState":{"m_AlwaysRefresh":false,"showFog":true,"showSkybox":false,"showFlares":true,"showImageEffects":true,"showParticleSystems":true,"showVisualEffectGraphs":true,"m_FxEnabled":true},"in2DMode":false,"pivot":{"x":0.1092354953289032,"y":1.198073148727417,"z":-5.960464477539063e-8},"rotation":{"x":-0.4553984999656677,"y":0.002096472540870309,"z":-0.001150650903582573,"w":-0.8903335332870483},"size":1.4358277320861817,"orthographic":false}