{"cameraMode":{"drawMode":0,"name":"Shaded","section":"Shading Mode"},"sceneLighting":true,"audioPlay":false,"sceneViewState":{"m_AlwaysRefresh":false,"showFog":true,"showSkybox":true,"showFlares":true,"showImageEffects":true,"showParticleSystems":true,"showVisualEffectGraphs":true,"m_FxEnabled":true},"in2DMode":false,"pivot":{"x":105.7147216796875,"y":1.190290093421936,"z":99.28146362304688},"rotation":{"x":0.34225305914878847,"y":0.34983739256858828,"z":-0.13676919043064118,"w":0.8614681363105774},"size":3.5442957878112795,"orthographic":false}