{"cameraMode":{"drawMode":0,"name":"Shaded","section":"Shading Mode"},"sceneLighting":true,"audioPlay":false,"sceneViewState":{"m_AlwaysRefresh":false,"showFog":true,"showSkybox":true,"showFlares":true,"showImageEffects":true,"showParticleSystems":true,"showVisualEffectGraphs":true,"m_FxEnabled":true},"in2DMode":false,"pivot":{"x":102.1480484008789,"y":0.2202773094177246,"z":99.62498474121094},"rotation":{"x":0.46398624777793887,"y":0.0030918759293854238,"z":0.0005311280838213861,"w":0.8860379457473755},"size":3.5442957878112795,"orthographic":false}