{"cameraMode":{"drawMode":0,"name":"Shaded","section":"Shading Mode"},"sceneLighting":false,"audioPlay":false,"sceneViewState":{"m_AlwaysRefresh":false,"showFog":true,"showSkybox":false,"showFlares":true,"showImageEffects":true,"showParticleSystems":true,"showVisualEffectGraphs":true,"m_FxEnabled":true},"in2DMode":false,"pivot":{"x":13.974108695983887,"y":0.02315235137939453,"z":3.975918769836426},"rotation":{"x":-0.6590149998664856,"y":-0.017972230911254884,"z":0.015465609729290009,"w":-0.7518314123153687},"size":1.4572746753692628,"orthographic":false}