{"cameraMode":{"drawMode":0,"name":"Shaded","section":"Shading Mode"},"sceneLighting":false,"audioPlay":false,"sceneViewState":{"m_AlwaysRefresh":false,"showFog":true,"showSkybox":false,"showFlares":true,"showImageEffects":true,"showParticleSystems":true,"showVisualEffectGraphs":true,"m_FxEnabled":true},"in2DMode":false,"pivot":{"x":9.880916595458985,"y":-3.3155083656311037e-7,"z":2.9454007148742677},"rotation":{"x":-0.6459988355636597,"y":0.0022183398250490429,"z":-0.0020089219324290754,"w":-0.7633869051933289},"size":4.30787467956543,"orthographic":false}